[
  {
    "id": 1,
    "title": "SubMate PRO에 오신 것을 환영합니다!",
    "content": "SubMate PRO는 OTT 구독을 스마트하게 관리하는 플랫폼입니다.\\n\\n주요 기능:\\n- TMDB 연동 영화/드라마 정보\\n- OTT 플랫폼별 인기 콘텐츠\\n- 구독 관리 (비용 추적, D-Day)\\n- 커뮤니티 (리뷰, 추천)\\n\\n많은 이용 부탁드립니다!",
    "author_id": 1,
    "author_name": "관리자",
    "created_at": "2026-01-01T00:00:00+09:00",
    "views": 0,
    "comments": [],
    "likes": 0
  }
]